SKU,Product Name,Brand,Catalog Available
CAL1111,Alexander Valley Duffy Vineyard Cabernet Sauvignon Reserve,Optima,2
SAF1116,Baleia Chardonnay,Baleia,55
WAS1032,Armstrong Syrah,Armstrong Winery,10
SAF1096,Backsberg John Martin Red Blend,Backsberg,22
WAS1012,Armstrong Bogie's Blend,Armstrong Winery,10
WAS1010,Armstrong Columbia Valley Cabernet Sauvignon,Armstrong Winery,10
SAF1121,BEV Back Roads Petite Sirah,Black Elephant Vintners,10
CAL1260,Clementine Carter Portico Grenache,Clementine Carter,2
CAL1094,Clementine Carter Graciano,Clementine Carter,10
CAL1221,Campus Oaks Chardonnay,Gnekow Family Winery,10
FRA1166,Bauget-Jouette Cuvee Jouette 2005 Magnum,Bauget-Jouette,4
FRA1039,Maris Les Amandiers,Cordier USA,10
SPA1245,Queiron Mi Lugar,Queiron,21
VIR1046,Dogwood & Thistle Shenandoah Valley White Blend,Dogwood & Thistle,73
FRA1083,Domaine Borgeot Chassagne Montrachet Vieilles Vignes,Domaine Borgeot,12
VIR1047,Dogwood & Thistle Shenandoah Valley Petit Manseng,Dogwood & Thistle,10
FRA1084,Domaine Borgeot Chassagne Montrachet 1er Cru Clos Saint Jean Blanc,Domaine Borgeot,-6
FRA1094,Domaine Borgeot Santenay 1er cru Les Gravieres Rouge,Domaine Borgeot,10
FRA1117,Domaine Fevre Grand Cru Les Preuses,Domaine Fevre,10
AUS1007,"Dominique Portet ""Fontaine"" Cabernet Sauvignon",Legend: Portet,280
FRA1098,Domaine du Vieux College Marsannay Rouge Les Favieres,Domaine du Vieux College,1
FRA1050,Bauget-Jouette Carte Blanche 375,Bauget-Jouette,190
FRA1087,Chateau Govain,Chateau Haut Maco,135
ITA1129,Harmino Wave Sparkling Rose Mevushal,Harmino (Kosher),12
CAL1318,Jeremy Nickel Cellars Chardonnay,The Vineyard House,99
VIR1072,Jump Mountain Mountain Mist Rose,Jump Mountain,10
CAL1311,"Jeff Cohn Rockpile Syrah ""Haley's""",Jeff Cohn Cellars,10
FRA1076,Ventenac Diane,Maison Ventenac,10
CAL1370,Macauley Ft. Ross Seaview Pinot Noir,Macauley Vineyard,10
ORO1050,"Libertine ""You Are Still Alive"" Tempranillo Pet-Nat",Libertine Wines,10
ITA1044,Mauro Molino Barolo 375,Mauro Molino,10
SAF1085,BEV Rose Rebel,Black Elephant Vintners,198
CAL1068,Napa Valley  Three Clicks Sauvignon Blanc,Three Clicks,10
SAF1080,Simonsberg-Paarl Noble Hill Simonskop Chenin Blanc,Noble Hill,60
NON1012,Oceano Zero Chardonnay,Oceano,10
NON1023,Oceano Zero Pinot Noir,Oceano,10
SAF1062,Simonsberg-Paarl Noble Hill Blanc de Blanc,Noble Hill,10
FRA1103,Antoine Simoneau Les Georges Sauvignon Blanc de Loire,Antoine Simoneau,322
CAL1302,Oceano Pinot Noir,Oceano,4
SAF1040,Sutherland Sauvignon Blanc,Sutherland Vineyards,199
SAF1094,Natte Valleij Axle Chenin Blanc,Natte Valleij,10
AUS1015,R&R Pinot Gris,Legend: Reed,280
SPA1063,Rias Baixas Raiolas,Bodegas Aquitania,5
CAL1180,Saddleback Cellars Vermentino,Saddleback Cellars,10
CAL1177,Saddleback Cellars Merlot,Saddleback Cellars,3
CAL1173,Saddleback Cellars Chardonnay,Saddleback Cellars,10
CAL1264,French Belle (Bourbon Barrel Red),Grateful Palate,10
WAS1017,Sonder Mourvedre,Sonder Wines,10
WAS1015,Sonder Rose,Sonder Wines,10
CHL1025,Tagua Tagua Cabernet Sauvignon,Bodegas Tagua Tagua,188
KEG1002,Tapwines Sparkling White (KeyKeg),Tapwines,3
CAL1253,Southern Belle Poor Thing (Bourbon Barrel Red),Grateful Palate,10
ORO1039,Colette Pinot Noir,Sunbreak Wine & Cider,10
WAS1021,Two Mountain RawnRose 4 Packs,Two Mountain,10
CAL1169,Trespass Vineyard Mischief,Trespass Vineyard,10
SAF1079,Thelema Shiraz,Thelema Winery,106
CAL1172,Trespass Vineyard Cabernet Sauvignon Magnum,Trespass Vineyard,16
CAL1316,TVH Block 5 Cabernet Franc,The Vineyard House,10
CAL1170,Trespass Vineyard Mayhem,Trespass Vineyard,1
CAL1101,Trespass Cabernet Franc Magnum,Trespass Vineyard,10
SAF1075,Thelema Rabelais,Thelema Winery,26
SPA1328,Broken Slates,Broken Slates,199
SPA1293,Ontanon Natura,Bodegas Ontanon,19
SPA1237,Queiron El Arca - Single Vineyard,Queiron,10
SPA1253,Vizar Especial Tempranillo/Syrah,Bodegas Vizar,10
SPA1284,Oliver Cava Brut Nature Rose,Oliver,97
AUS1018,Murdoch Hill Chardonnay,Legend: Murdoch,270
AUS1017,Murdoch Hill Red Blend,Legend: Murdoch,270
AUS1016,Murdoch Hill Rose,Legend: Murdoch,270